FirstName,LastName ,Organization ,JobTitle ,StreetAddress ,Zip ,City ,CountryName ,Phone ,Mobile ,Email ,HomePage12
Belen,Stratford,TestOrganization1 ,TestJobTitle1 ,TestStreetAddress1 ,TestZip1 ,TestCity1 ,TestCountryName1 ,(123)-345-1231,(234)-567-8901,Test@Email1.com ,http://www.TestHomePage1.com
Victoria,Clark,TestOrganization2 ,TestJobTitle2 ,TestStreetAddress2 ,TestZip2 ,TestCity2 ,TestCountryName2 ,(123)-345-1232,(234)-567-8902,Test@Email2.com ,http://www.TestHomePage2.com
Sisto,Hammett,TestOrganization3 ,TestJobTitle3 ,TestStreetAddress3 ,TestZip3 ,TestCity3 ,TestCountryName3 ,(123)-345-1233,(234)-567-8903,Test@Email3.com ,http://www.TestHomePage3.com
Carsten,Ramsay,TestOrganization4 ,TestJobTitle4 ,TestStreetAddress4 ,TestZip4 ,TestCity4 ,TestCountryName4 ,(123)-345-1234,(234)-567-8904,Test@Email4.com ,http://www.TestHomePage4.com
Aurelia,Digby,TestOrganization5 ,TestJobTitle5 ,TestStreetAddress5 ,TestZip5 ,TestCity5 ,TestCountryName5 ,(123)-345-1235,(234)-567-8905,Test@Email5.com ,http://www.TestHomePage5.com
Mone,Blythe,TestOrganization6 ,TestJobTitle6 ,TestStreetAddress6 ,TestZip6 ,TestCity6 ,TestCountryName6 ,(123)-345-1236,(234)-567-8906,Test@Email6.com ,http://www.TestHomePage6.com
Agnes,Hammett,TestOrganization7 ,TestJobTitle7 ,TestStreetAddress7 ,TestZip7 ,TestCity7 ,TestCountryName7 ,(123)-345-1237,(234)-567-8907,Test@Email7.com ,http://www.TestHomePage7.com
Presley,Bristol,TestOrganization8 ,TestJobTitle8 ,TestStreetAddress8 ,TestZip8 ,TestCity8 ,TestCountryName8 ,(123)-345-1238,(234)-567-8908,Test@Email8.com ,http://www.TestHomePage8.com
Aurelia,Roscoe,TestOrganization9 ,TestJobTitle9 ,TestStreetAddress9 ,TestZip9 ,TestCity9 ,TestCountryName9 ,(123)-345-1239,(234)-567-8909,Test@Email9.com ,http://www.TestHomePage9.com
Agnes,Kirby,TestOrganization10 ,TestJobTitle10 ,TestStreetAddress10 ,TestZip10 ,TestCity10 ,TestCountryName10 ,(123)-345-12310,(234)-567-89010,Test@Email10.com ,http://www.TestHomePage10.com
Jarred,Blankley,TestOrganization11 ,TestJobTitle11 ,TestStreetAddress11 ,TestZip11 ,TestCity11 ,TestCountryName11 ,(123)-345-12311,(234)-567-89011,Test@Email11.com ,http://www.TestHomePage11.com
