First Name	Last Name	Middle Name 	Formatted Name	Title	Role	Organization	Organizational Unit	Birth Day	Delivery Address	Url	Preferred Phone	Email 	Domestic Address Street	Domestic Address Po Box	Domestic Address Region	Domestic Address Country	Domestic Address Postal Code
Aurelia	Mitchell		Aurelia Mitchell			Test organisation				www.testsite.com	(123) 456-7890	AureliaMitchell@test.com	123 TestStreet		TestState	Test Country	123456
Carsten	England		Carsten England			Test organisation				www.testsite.com	(123) 456-7890	CarstenEngland@test.com	123 TestStreet		TestState	Test Country	123456
Diederich	Penny		Diederich Penny			Test organisation				www.testsite.com	(123) 456-7890	DiederichPenny@test.com	123 TestStreet		TestState	Test Country	123456
Julie	Blankley		Julie Blankley			Test organisation				www.testsite.com	(123) 456-7890	JulieBlankley@test.com	123 TestStreet		TestState	Test Country	123456
Carsten	Blythe		Carsten Blythe			Test organisation				www.testsite.com	(123) 456-7890	CarstenBlythe@test.com	123 TestStreet		TestState	Test Country	123456
Luwana	Hammett		Luwana Hammett			Test organisation				www.testsite.com	(123) 456-7890	LuwanaHammett@test.com	123 TestStreet		TestState	Test Country	123456
Sisto	Stafford		Sisto Stafford			Test organisation				www.testsite.com	(123) 456-7890	SistoStafford@test.com	123 TestStreet		TestState	Test Country	123456
Agnes	Kendal		Agnes Kendal			Test organisation				www.testsite.com	(123) 456-7890	AgnesKendal@test.com	123 TestStreet		TestState	Test Country	123456
Belen	Benson		Belen Benson			Test organisation				www.testsite.com	(123) 456-7890	BelenBenson@test.com	123 TestStreet		TestState	Test Country	123456
Cohen	Rudge		Cohen Rudge			Test organisation				www.testsite.com	(123) 456-7890	CohenRudge@test.com	123 TestStreet		TestState	Test Country	123456
Iva	England		Iva England			Test organisation				www.testsite.com	(123) 456-7890	IvaEngland@test.com	123 TestStreet		TestState	Test Country	123456
Wirth	Rudge		Wirth Rudge			Test organisation				www.testsite.com	(123) 456-7890	WirthRudge@test.com	123 TestStreet		TestState	Test Country	123456


