"EventName","StartDateTime","EndDateTime","LocationName","Description"
"some event 1","12/1/2021 1:00:00 PM","12/1/2021 1:30:00 PM"," conference room 1","some event 1 decription"
"some event 2","12/1/2021 2:00:00 PM","12/1/2021 2:30:00 PM"," conference room 2","some event 2 decription"
"some event 3","12/1/2021 3:00:00 PM","12/1/2021 3:30:00 PM"," conference room 3","some event 3 decription"
"some event 4","12/1/2021 4:00:00 PM","12/1/2021 4:30:00 PM"," conference room 4","some event 4 decription"
"some event 5","12/1/2021 5:00:00 PM","12/1/2021 5:30:00 PM"," conference room 5","some event 5 decription"
"some event 6","12/1/2021 6:00:00 PM","12/1/2021 6:30:00 PM"," conference room 6","some event 6 decription"
"some event 7","12/1/2021 7:00:00 PM","12/1/2021 7:30:00 PM"," conference room 7","some event 7 decription"
"some event 8","12/1/2021 8:00:00 PM","12/1/2021 8:30:00 PM"," conference room 8","some event 8 decription"
"some event 9","12/1/2021 9:00:00 PM","12/1/2021 9:30:00 PM"," conference room 9","some event 9 decription"
